,Datetime,Tweet Id,Text,Username
0,2021-11-30 23:59:59+00:00,1465833017730117636,"THE ""TV CUOMO BROTHER"" LIED ABOUT GETTING COVID EARLY IN PANDEMIC! NO CONCEQUENCES! STILL ON THE AIR! ""MEDIA IS FAKE!""",vlac
1,2021-11-30 23:59:58+00:00,1465833011270852609,"@WOLF_Financial Back when I was coaching youth robotics there weren't many charities dedicated exclusively to supporting teams, so we started our own 501c3.

Our teams lost a season to Covid, but we're back on the mend and the next school year should be awesome!",miamimikeclark
2,2021-11-30 23:59:58+00:00,1465833010129997828,@_Skippp__ lmaooo bitch we broke up the fall before covid. that ain‚Äôt 8 years but go off sis. lol you just be dramatic at times is allüòÇüòÇ,YouuLoveeMe_
3,2021-11-30 23:59:58+00:00,1465833009614053384,COVID is not Polio. https://t.co/Hp6nWHTYVZ,chadfelixg
4,2021-11-30 23:59:57+00:00,1465833006611021826,@waltergross Well I‚Äôve been first hand watching covid kill people for 20 mos and find the vaccine a life saver. Just like many vaccines in the past. I‚Äôm so personally grateful for them.,drrmalla
5,2021-11-30 23:59:57+00:00,1465833005826592775,"@HostilGanso @raush_mary @CharlieCrist I think conspiracy already hit you ..but hey you want more dead from the COVID, keep spreading disinformation.",Soblue57906956
6,2021-11-30 23:59:56+00:00,1465833005100896256,"@JesseSpots @birbigs @CityHarvest Here‚Äôs a *story* about the term ‚Äúfood insecurity‚Äù (which was coined by Kissinger in the 1970‚Äôs). 

The STORY is from 2017. 

‚ÄúRolled out during COVID‚Äù, eh?

https://t.co/uUI7YnkL7Q",jerrythebastard
7,2021-11-30 23:59:56+00:00,1465833002940854273,remember when we weren‚Äôt allowed to sit at the beach bc covid,ariannahh_
8,2021-11-30 23:59:56+00:00,1465833001976315907,@ItsMikeSpence @huffmsa @saltguy66 @mtracey Please Don‚Äôt compare a covid analyst to a film editor. One actually has talent and is a crucial part of the creative film process.,greatworkdude
9,2021-11-30 23:59:56+00:00,1465833001774899201,"@RepJohnRose What is your Covid protocol?

Have you all been vaccinated?",john_jspoteettn
10,2021-11-30 23:59:56+00:00,1465833001451982848,@LnxVert @TheRealRalphC @LakersReporter Pray for LeBron üôè. He's immunocompromised. So old he can't fight COVID even with a vaccine.,LeGoat03824702
11,2021-11-30 23:59:55+00:00,1465833000889774080,"@BJNTTWM @Daystar This was entirely avoidable. Sad this mentality of no don‚Äôt want or need the vaccine, COVID isn‚Äôt that bad, resulting in a person‚Äôs life lost needlessly, family destroyed by a preventable solution. These people owe it to their viewers, friends and family to get the damn vaccine.",DpedronWestie
12,2021-11-30 23:59:55+00:00,1465832998750859273,@the_magrathean @paul_woodcraft I know right. Everyone should be cautiously celebrating this. Not going into mental covid panic again.,HenryB12345
13,2021-11-30 23:59:54+00:00,1465832994808254464,FOX Nation‚Äôs Lara Logan Argues Against Testing For Covid-19 Coronavirus Variants https://t.co/7O1sDbQ7WS https://t.co/8ZqFEo1Ky9,ForbesScience
14,2021-11-30 23:59:54+00:00,1465832993092775940,"@ChrisCillizza The disconnect between leftist opinion writers like you and regular Americans is striking.

You are currently fixated on scaremongering on COVID. Regular Americans are watching Smollett to see if justice will hold a black racist accountable. Get a grip.",JayThickhead1
15,2021-11-30 23:59:53+00:00,1465832990777434114,"Covid is endemic and everyone is basically going to get it. Logically this process began with vaccines. Yet here we suddenly are with rules coming back and the lockdown fanatics screaming for more. Under their logic , this only ends when Covid ends. And it never will.",theNewsfox
16,2021-11-30 23:59:53+00:00,1465832990370676738,‚ÄòHorrific and disturbing‚Äô: Hospitalized patients at Jesse Brown VA Medical Center contract COVID-19 https://t.co/RXQteDb0Pu via @SunTimes,ChocoNCAmy
17,2021-11-30 23:59:52+00:00,1465832985983344644,"@Billius27 France, like other countries, extended COVID-19 booster shots to 18+ five months after the second dose. In Canada? Zero, zilch, nothing. 3rd dose is forbidden and banned like an illegal substance. Crazy.  https://t.co/WTBCt6yMYw",LaurenK86521270
18,2021-11-30 23:59:52+00:00,1465832985337417734,"@Julius_Kim @auntmaggiep I'd tweak your message to: ""We can't get back to normal until we get a grip on COVID. That won't happen until we all stay masked until the vaccination rate is over 90%. Republicans, how are you planning to help us achieve that?""",GolfSoBad
19,2021-11-30 23:59:51+00:00,1465832983047385100,"instead of giving them unemployment benefits, why don't they just pay for their hospital bill when they contract Covid?

Here are all the states providing unemployment benefits for people who quit or were fired because they refused to get vaccinated https://t.co/vp4uy9tCrk",pat_ximenes
20,2021-11-30 23:59:51+00:00,1465832980635701261,"@Ayyo_Bvndo @JohnKluppy @BillyReinhardt Caronaviruses have always existed, and scientists for as long as I know, have studied them in anticipation of preventing a pandemic such as COVID-19. ""Man made"" is a reach/leap.",SadNetsSaveUsBG
21,2021-11-30 23:59:50+00:00,1465832978974752768,I need to discuss how this covid booster had me fatigued for like 3 days no lie. The scientist in me is intrigued and individual body responses to this vaccine. My brother and I literally slept two days straight. My mom and my grandma? Not a care in the world lmao they were fine,BlowTheWhittle
22,2021-11-30 23:59:50+00:00,1465832978228125700,"@thehill So, let me get this straight!! The whole F'ng word is joining in with Biden and conspiring to protect Biden by sending out a new dangerous Covid variant to distract American voters...You dumb asses? Or is this exclusively to gaslight your ignorant viewers and GOP voters?",harold4u2
23,2021-11-30 23:59:50+00:00,1465832977204613126,COVID-19: Eight further cases of new Omicron variant identified in England - bringing UK total to 22 | UK News | Sky News https://t.co/2yGE5u7twg,macdonald_julie
24,2021-11-30 23:59:49+00:00,1465832975262785541,@ZealouslyQuoted Why is her account still active? I got thrown into @Twitter jail for using the phrase ‚ÄúCovid idiots‚Äù against Covid deniers/anti vaxxers!,xDharmaPunkx
25,2021-11-30 23:59:48+00:00,1465832971353559044,@Ralph_MasonJr I hope its not covid üò¢ü•∫,pikachi25
26,2021-11-30 23:59:48+00:00,1465832971001204740,so many new covid flavors and I still haven‚Äôt tried any,SanAngelo21
27,2021-11-30 23:59:48+00:00,1465832970447556609,"What Fox News typefolks will never understand is that a Lib like me does not regard Chris Cuomo as an ally, a representative of my politics, nor as a journalist. But go ahead and insist upon that falsely as our voters out-survive Covid on your behalf.",Hoagielife
28,2021-11-30 23:59:48+00:00,1465832970271477760,@Gordon_crp @roisinanna @gavreilly @VirginMediaNews What‚Äôs your actual concern? That kids will not develop immunity to Covid if masked or otherwise protected from it? Or that their immune systems in some broader sense will be weaker due to those mitigations?,EdwardRocket1
29,2021-11-30 23:59:48+00:00,1465832968484704261,"@owillis Not surprised, Covid aside if Cuomo could be accused and forced out of office just like that, why would any Santa take the risk?",Bi08101657
30,2021-11-30 23:59:47+00:00,1465832967360716805,@GeneralHospital @CameronMathison Bye GH ! Burton carried GH for year's.  Without Sonny or Jason GH sucks!  Vaccinated get and spread covid. Follow science and not politics!,BUMBUMFANM
31,2021-11-30 23:59:47+00:00,1465832966878371845,#they‚Äôve been gunning for Africa to have a high percentage of COVID cases from day dot and it‚Äôs not happening. Like give it up,Esmexv2
32,2021-11-30 23:59:47+00:00,1465832966475685894,@4Patrick7 South Africa has been doing fine without the jabs. Better than fine. Want to see a Covid wildfire start jabbing everyone. Watch cases soar.,Babydoll921961
33,2021-11-30 23:59:47+00:00,1465832966471692291,Omicron brings COVID-19 vaccine inequity 'home to roost' @AP ‚Å¶@mylcheng‚Å© ‚Å¶@lhinnant‚Å© ‚Å¶@ZekeJMiller‚Å©  https://t.co/9zlv2pvPvE,mariyamaguchi
34,2021-11-30 23:59:47+00:00,1465832965548777475,@Gazbar1980 @RealDeniseWelch How do you know its lies what evidence do you have? The reason we are having a booster jab is simply the previous two do not offer protection. I know so many people that have had covid after two jabs who had no underlying illnesses. One spent 8 weeks in a coma that is fact.,ElaineEdmond5
35,2021-11-30 23:59:44+00:00,1465832954479857668,Canda covid ‚úåüèø,robyparman
36,2021-11-30 23:59:44+00:00,1465832954156883972,"NYC‚Äôs budget is projected to grow to $102.8 billion.

The increase is due to the billions in relief from the feds to cover costs associated with the city‚Äôs COVID response and recovery efforts in the wake of Hurricane Ida.

https://t.co/HxWGCFgEmJ",NYDailyNews
37,2021-11-30 23:59:43+00:00,1465832950323363844,"@Emilia26774099 Dear Auntie Emm, 
My husband and both had COVID-19 in April. Sniffles. Taste and smell. Fatigue. Keep up the D3, zinc, and magnesium, and snuggle in for a staycation. Get some sun. Breathe deeply. Take walks. Rest. üôè‚ù§‚ù£‚ù§üôè https://t.co/COcGrUG0G9",LAWilkins1992
38,2021-11-30 23:59:43+00:00,1465832948398239750,@miles_commodore Three question is that medicine for parasites safe to use for COVID-19 are there side effects and does it cost an arm and a leg,JamesPr89458810
39,2021-11-30 23:59:42+00:00,1465832945055420432,"I‚Äôm continually surprised by how many people ‚Äúknow‚Äù that Covid is going to turn into something like influenza. 

Virologists, immunologists and infectious disease specialists seem to me to be much less confident about this.",IrfanDhalla
40,2021-11-30 23:59:42+00:00,1465832944564539394,"@KimIversenShow Why do you ignore the recent French study that Covid vaccinations are over 90% effective at preventing hospitalization and death? 

Covers 23 MILLION people and doesnt rely on anecdotal stories as your COVID segments have. Your new followers may not know!

https://t.co/0oBAfZbhTl",allthatyazzz
41,2021-11-30 23:59:42+00:00,1465832943339769860,"@RazzarTG @_gyore @mtracey @RudyHavenstein COVID nurses administer the PCR tests. Everyone gets tested the day before the first day on set, and then nasal raped every three days afterward.",rabidnarcs
42,2021-11-30 23:59:41+00:00,1465832941854998530,"@TruAmericanGal1 Covid-19 is attenuating and the MSM is barely reporting it. New York is in a state of emergency for a virus the South African authorities say is significantly milder than previous variants, just like any attenuated pathogen will. Natural immunity remains ignored.",DigitheadRex
43,2021-11-30 23:59:41+00:00,1465832941632770048,We gonna have more Covid strains than iPhones in a min.,NiaNRiley
44,2021-11-30 23:59:41+00:00,1465832940236165122,Hope covid don‚Äôt mess with Bron long term üíØ that‚Äôs all,deswhitley5
45,2021-11-30 23:59:41+00:00,1465832939812495365,"@ClareBFFerguson Nah, it‚Äôs you that‚Äôs the poison, or a disease like a chattering-class cancer on society. 
You‚Äôre ruinous COVID gig is up, you‚Äôll have to start OCDing on Brexit again",CollinsMikeyc
46,2021-11-30 23:59:41+00:00,1465832939384545285,@upthenua @Plasticdoe @TheFiapokoGuy @gusdafa @jmauli @laniwendtyoung @vaiala I suggest you listen to presentations by the most cited Doctor in the world on Covid with 47 publications. He is also the most published cardiologist in history with over 600 publications. His concerns on the damage the shots are doing it not a good thing.,TamaseseEdwin
47,2021-11-30 23:59:40+00:00,1465832935966359557,"In the history of diplomatic relations, Canada for example has never had the no. of reps they now have in Naija. When Covid broke out in 2020, almost all diplomats left fearing that ‚Äúthey will be picking up corpses on our streets‚Äù 
Everyone of them is back with many relations.",abiodunosemobor
48,2021-11-30 23:59:40+00:00,1465832935760838657,@HKPROSIQUE Covid,Domfig92
49,2021-11-30 23:59:39+00:00,1465832931553906689,"@country_still Did u see this

A Maine Republican who fought COVID-19 restrictions and lost his wife to the disease has resigned https://t.co/j7HxGrC0JR",TPDMomof3
50,2021-11-30 23:59:38+00:00,1465832926344585219,@RTENewsPaulC @DonnellyStephen @RTE_PrimeTime @rtenews Oh sweet holy lord GIVE ME PATIENCE. Then ask him how my child has covid .. she goes NOWHERE else ‚Ä¶ EVER not even as far a shop since March 20 . https://t.co/Zq8dk23tk1,muinteoirmama
51,2021-11-30 23:59:38+00:00,1465832926285869068,@rtenews I bet they had covid,w4nk5r
52,2021-11-30 23:59:38+00:00,1465832926197735426,Imagine being in secondary school now with all the menaces you used to have in ur year and the entertainment you would get from them not wearing masks and causing absolute mayhem over the covid haahhahaahahah,carliecorcoran1
53,2021-11-30 23:59:37+00:00,1465832925400809481,"@donwinslow Yesterday, I received the Covid booster and flu shot. I have a sore arm and headache today, but totally worth it.",HkVoyage
54,2021-11-30 23:59:37+00:00,1465832924482195460,"Getting a covid shot today, reason being is because I wanna travel to palmiston North cause the rents cheaper",VTKiwiSushi
55,2021-11-30 23:59:37+00:00,1465832924389916674,"not day6 related but WHAT THE FUxK, dear my beloved gov, if you want covid to disappear in indo, you need to do another ppkm or even lockdown (and be strict bout it), not this??? we already stressed enough with pandemic situation, dont make it worse dumbo https://t.co/2xhZLwzhSl",dopilthekid
56,2021-11-30 23:59:36+00:00,1465832920950747143,"@SenatorShaheen Do you know ANYTHING ANYTHING about the scientific data concerning Covid-19? And you want a revolution concerning abortion?  Good God, woman, uneducated belligerent inbred and reactionary we have enough of.",FredoCu04223766
57,2021-11-30 23:59:35+00:00,1465832916496355331,@keithamccluskey @Gordon_DHG @JohnDublin10 @try2golf @TWTThisIsNow @amcelha3 @CrispyCX @4Clearsky @jimdtweet @Kenneth72712993 @Moderna5G_666 @sandcastle1975 @IngersolRobert @OscarsWild1 @BolzmannMichael @rln_nelson @HalBrow68884227 @AristotleMrs @BigRakaDoc @chimera414 @k_b_lvi @Stephen04880258 @GuyGadboisGuyG1 @thisisnothappen @basil_ireton @The_Ouroboros__ @DavidTaylorYork @GlennCarr6 @DawnTJ90 @EricWil06256732 @wildweatherdan @robhon_ @ejwwest @Tragiicomedy @covid_parent @Canadianworker2 @IanDJbrown2 @Narvuntien @dan613 @Boeing74 @organicdot @oakden_wolf @RobMeekel @25_cycle @sunsnowflowers @BridgetHolmstro @rockandroll432 @MassiMassian @DaveJohn0175 @TheDisproof It gave me what I needed.,BubbasRanch
58,2021-11-30 23:59:34+00:00,1465832911655997441,@LakersNation If he would to have covid and the team traveled then why isn‚Äôt the game postponed unless it‚Äôs just a close contact,DavidVe64270691
59,2021-11-30 23:59:34+00:00,1465832911525998593,"Carlotta Masala: 27-Year-Old Dies From Myocarditis Months After Receiving Pfizer COVID-19 Vaccine, Father Seeks Answers https://t.co/rfukek92hz",miaculpepper2
60,2021-11-30 23:59:34+00:00,1465832911366758404,"Sometimes I remember the sound @MelanieScrofano made when I asked her if my hair looked good after she cut it and I just start smiling. 
I miss her and all the moments I shared with her so f*cking much üòî 
Can covid go away so I can finally go to cons and feel happy again?",melshairbrush
61,2021-11-30 23:59:34+00:00,1465832909407850499,"Check out our podcast on COVID-19! In it, you'll learn about the presentation, investigations, and management of this respiratory infection. The podcast was created by Drs. Gauri Shah and Joan Robinson, pediatric infectious diseases specialists.
https://t.co/mp7R6dokBu https://t.co/LsWgqBfW6Y",PedsCases
62,2021-11-30 23:59:34+00:00,1465832909386964996,@_225Lee get a rapid covid test today,saintsbetter
63,2021-11-30 23:59:33+00:00,1465832908309123074,"@RomeovilleKid Damn, Covid got the streak",chasing_fiction
64,2021-11-30 23:59:32+00:00,1465832903443578884,WHO advises vulnerable and unvaccinated people against COVID-19 not to travel to epidemiologically dangerous¬†areas https://t.co/kvWvw9wDhH,Proiqra
65,2021-11-30 23:59:32+00:00,1465832902994931712,"Lakers' LeBron James: Enters COVID-19 protocols
https://t.co/Hj84GbX4L5",CarlosElie6
66,2021-11-30 23:59:32+00:00,1465832901514252295,LA County Sheriff Boots China-Linked Covid Testing Firm After FBI Warns Over DNA Data https://t.co/jKmYlC4Jvd,cyber_variant
67,2021-11-30 23:59:32+00:00,1465832900700647436,"@richarddoomed Larry Davis is 100 years old, so even vaccinated, he‚Äôs at risk from Covid. Better safe than sorry",hyenasandgin
68,2021-11-30 23:59:32+00:00,1465832900641841156,@LondonDocDave No. Obesity is a risk factor for bad covid outcomes but being unvaccinated is a far bigger risk,eliowa
69,2021-11-30 23:59:31+00:00,1465832898267910145,New from JSOnline and PackersNews: Packers ILB De'Vondre Campbell lands on COVID-19 list but may not miss any games https://t.co/nNMnYO0sTS #Packers,TomSilverstein
70,2021-11-30 23:59:31+00:00,1465832897257119744,"1. Age- duh

2. Covid absolutely should not count https://t.co/MXyiI7BwnT",Ludlowfnl
71,2021-11-30 23:59:30+00:00,1465832894912503815,Montreal North: 10% of kids have had Covid https://t.co/8EkkHbqFYI,MTLCity
72,2021-11-30 23:59:30+00:00,1465832894795026441,@willschones @RubinReport Covid is almost as weak as you are. Most of us with working immune systems cleared it just fine without cowering like little cuck bitches.,Vaelik
73,2021-11-30 23:59:30+00:00,1465832893805174787,@RepSwalwell I am proudly unvaxxed and have had Covid 19. I survived. Stop spreading propaganda and lies. You know what other choice that your children did not have? Their father having sex with a communist spy. Bet you don't want to discuss that though.,BundrickSuzanne
74,2021-11-30 23:59:30+00:00,1465832892932579329,"In another new low, anti-vaccine conspiracists are selling fake vaccine passes on the black market in order to avoid getting vaccinated against COVID-19. https://t.co/w1PFWErGV1",AntiFascistAkl
75,2021-11-30 23:59:30+00:00,1465832892249133059,I hate covid https://t.co/p3HgSA5c3s,Redman_Lyons
76,2021-11-30 23:59:29+00:00,1465832889648656388,"Hey, nightmare hellscape US. Someone we know was SENT HOME from the hospital after finding out she tested Covid positive, IN THE MIDDLE OF LABOR. She is giving birth. At home. Because they sent her home. Covid. She was like 5cm dilated and they told her to leave.",Crowned_Doe
77,2021-11-30 23:59:28+00:00,1465832887924707337,"@drdavidsamadi Covid testing in Italy is paid by the government. Your ""family of four"" doesn't pay sh*t to get tested.

Stop projecting your country's shortcomings onto others. Just because Italy is also a Western country does not mean that they live in a capitalist dystopia like the US.",Popopipelpupel1
78,2021-11-30 23:59:28+00:00,1465832884921581568,@ctvwinnipeg Next thing you know she‚Äôll start injecting herself with bleach to fight off the covid üôÑ,SIINNIISTER
79,2021-11-30 23:59:27+00:00,1465832882950352899,I‚Äôm a covid survivor .. but y‚Äôall food smell taste so fucking nasty now! Omg I can‚Äôt ever enjoy a good meal,iswayy_mills
80,2021-11-30 23:59:27+00:00,1465832881406816257,"Fundamentally, in the heart of hearts? A lot of Christians feel like if you suffer or have bad things happen- you must have secret sin. You see it with Covid + also with school shootings.

This is why we‚Äôre leaving your churches in droves. You don‚Äôt know how to deal with sorrow.",Nelba_MG
81,2021-11-30 23:59:25+00:00,1465832873517322243,FDA advisers narrowly endorse Merck's COVID-19 antiviral pill https://t.co/M6ndHNqQVc,kcautv
82,2021-11-30 23:59:25+00:00,1465832871931912192,@XXXMEEZY Lebron got covid he out,MrNewYorkCity30
83,2021-11-30 23:59:24+00:00,1465832870371602434,"@TED44E ...measures that could/should be taken on a bipartisan basis, by our elected officials, since COVID doesn't know who is red and who is blue. It's sad that it's falling to these agencies to act. Our political system is broken. In times of ""war,"" we used to be able to pull together",KO_Reporter
84,2021-11-30 23:59:24+00:00,1465832867540267008,@gillibrandny @SenateDems Does the booster prevent you from getting or spreading Covid?  No‚Ä¶ ok just checking.,tee2grn79
85,2021-11-30 23:59:24+00:00,1465832867225870341,"They Called Their Band Omicron. Now They‚Äôre Sharing the Name With a Covid Variant

‚ÄúWhether for the right or wrong reasons, we‚Äôve been getting clicks,"" says guitarist Li Heng Chan of the defunct Hong Kong prog-metal outfit. 

""It‚Äôs been a lot to process‚Äù
https://t.co/mQvHk9Wcq3",kipshots
86,2021-11-30 23:59:22+00:00,1465832860787560449,We're proud to support üíó Provide international support for COVID-19üíó Donate $20‚Ä¶.,SupperMacGimR
87,2021-11-30 23:59:21+00:00,1465832857989832704,Tracking COVID-19 variant Omicron - https://t.co/dqaXEneJTC,mandygunn61
88,2021-11-30 23:59:21+00:00,1465832857021079558,Pretty sad COVID had to go an attach itself to LeBron for clout https://t.co/8cH48zVYAB,jlat13
89,2021-11-30 23:59:20+00:00,1465832854118486017,"@AbundantLandUse @InspiredAquaCA Now that is sounding WAY too sensible. There should have been a gov't program for all public buildings put in place as soon as it was known that COVID was airborne, like from April 2020.",yul_native
90,2021-11-30 23:59:20+00:00,1465832851958546436,"@Michell25038442 @JosephFalzoneMD You are completely right about this! Go with your gut. Things are changing because of private equity. Everything they‚Äôve 
ever touched his turn to ashes back to dust, and we will need morgue trucks behind a lot of hospitals, way beyond Covid.",Bilked2TheBrink
91,2021-11-30 23:59:20+00:00,1465832851245441027,"@abcnews Do they care about all of the negative consequences, many of which will last decades, of the zero Covid mentality?",DanielG71690653
92,2021-11-30 23:59:19+00:00,1465832849274253314,@Taarec10 @_TheRealAlvin_ Ur put in protocol if your exposed to someone with covid. Vaxx or not,Big_Medd
93,2021-11-30 23:59:19+00:00,1465832846526849025,People are a little *too* excited at the possibility of Bron having covid https://t.co/DvLZz47TE6,zhahnruh
94,2021-11-30 23:59:18+00:00,1465832844920442881,@bees_oz @AlanBixter MSM and Govt have achieved their objective. Covid is so prevalent in schools now that it‚Äôs become normalised and parents &amp; teachers have been lulled into thinking it‚Äôs not a big deal. Our society has been duped and our kids will pay the price for potentially decades to come.,FloraSarr
95,2021-11-30 23:59:18+00:00,1465832843704078343,@Buster_ESPN Same people crying in this thread about needing salary minimums are the same ones complaining about people getting rich during Covid,MBladeofnight
96,2021-11-30 23:59:18+00:00,1465832843058335750,Just beat the covid allegations üôèüèΩ,_munchkinn
97,2021-11-30 23:59:17+00:00,1465832839245611014,Federal Judge Issues Nationwide Ban on Biden's COVID Vaccine Mandate for Health Care Workers | CBN News https://t.co/4vQjzVX4u1 via @CBNNews,CBNNews
98,2021-11-30 23:59:17+00:00,1465832838121627651,@covid_parent Two years is not enough for an accurate assessment. You must go back five years.,DirkistanDirk
99,2021-11-30 23:59:16+00:00,1465832833864372224,"I‚Äôm tired, tired of people‚Äôs endless complaining on here about Covid &amp; spewing their own theories. Every time I hear/see the word Covid, its another reminder that I lost my Mom to this god damn virus. It fucking hurts. It‚Äôs not all about you people. Think of what others have lost",RCPep321
100,2021-11-30 23:59:16+00:00,1465832833684062224,"@Rob_Kimbell @InvictaRegina00 And covid test kits ,supplied to the NHS.",IanMcna85956076
101,2021-11-30 23:59:15+00:00,1465832832513757186,NBA - Anche i protocolli anti-Covid contro i Lakers: out LeBron James https://t.co/eP0Px2vSaz,BasketUniverso
102,2021-11-30 23:59:15+00:00,1465832832270405632,@jojisupremacy yeah it was suppose to happen march 2020 but cancelled due to covid :(,jojischeerios
103,2021-11-30 23:59:15+00:00,1465832831029071876,Covid shot #3 sucks. I feel like crap. Maybe less bad next booster? Probably not.,gabe_haller
104,2021-11-30 23:59:15+00:00,1465832829909188618,"@chrischirp The key there is children from covid +ve households should not be in school, particularly in primaries where none of them are vaccinated. That would make a huge difference I think.",AlistairMainGB
105,2021-11-30 23:59:14+00:00,1465832828042629130,"Also worth noting the true impact of these low vaccination rates statewide. 

In Teton County (83% fully vaccinated) about 1 in 1,676 people have died due to complications with COVID-19

In next-door Sublette County (32%), that rate is 1 in 447. In Park (42%) it's 1 in 301. https://t.co/kDVcUAXwZq",WillWalkey
106,2021-11-30 23:59:14+00:00,1465832827463868420,"we're going to see aging millennials and zoomers continue to refuse to act like adults because ""covid stole x years of my life"".  It's going to be so damn annoying",Horacethe1st
107,2021-11-30 23:59:13+00:00,1465832824137818122,"@drnathimdladla Boosters every 3 months will destroy people's innate immune systems. Even if they give any protection against covid at all, they will make people vulnerable to every other microbe on the planet.",RevAndrewCarte1
108,2021-11-30 23:59:13+00:00,1465832823928020996,@BleacherReport Covid has interfered in all sports this season üò©,stayhugh6
109,2021-11-30 23:59:13+00:00,1465832822820814851,@CalKAuthor Thanks to Brexit there‚Äôs not enough people to take away the bodies of those who have died of covid. The bees are adapting to a new food source.,brindy
110,2021-11-30 23:59:12+00:00,1465832819142193153,@adrndm @MeisterSilver @Khairykj I see your point but how can we ever go forward if we don‚Äôt remove quarantines. We have to live with the risk people are positive. Chances are person next to you has Covid but would never know. Enough people are vaccinated to be taken care of - we have to live with the virus,Rob_Dono
111,2021-11-30 23:59:11+00:00,1465832814385979396,"For the second straight year, enrollment in Virginia public schools has dropped, with 46,000 fewer students enrolled since the start of the COVID-19 pandemic. The largest school district in VA, Fairfax County, saw the largest dip. A 5.4% difference fall '19 and fall '21. 
CRT.",Rothentweeter
112,2021-11-30 23:59:11+00:00,1465832813848973315,@ArchLIB_ Covid is not an injury pal,finishedclubfan
113,2021-11-30 23:59:10+00:00,1465832812032970759,"Give Covid vaccines to 100,000 asthmatic children because 'they face higher risk of hospitalisation' https://t.co/Vk54dUL8o8",Big_City_Radio
114,2021-11-30 23:59:10+00:00,1465832809336119297,@Mike_Pence Then why did you take a Pfizer covid vaccine that was produced with the fetal cells of aborted children?,BaucheJoseph
115,2021-11-30 23:59:10+00:00,1465832808719564806,@JamesMelville They‚Äôre cowards - they want to stay home for the rest of their pathetic lives or have someone to blame for not getting to the zero-Covid promised land lie.,ijc916
116,2021-11-30 23:59:09+00:00,1465832804709593090,"My mom just called. My grandmother, Aunt, and Uncle, ALL HAVE COVID.

I swear to god if I lose another family member this year.",rxhtra
117,2021-11-30 23:59:08+00:00,1465832801626779648,BREAKING REPORT: Pfizer CEO Says ‚ÄúMost Likely Scenario‚Äù is ‚ÄúANNUAL REVACCINATION‚Äù Against Covid... #dkpol,DavidDeMera7
118,2021-11-30 23:59:08+00:00,1465832800771137537,"@ss_slacker My theory: recruiters are people who can't handle failure  or difficulties and it has traditionally been an easy enough job.

Post covid world, the tech industries have become more competitive to hire and wages are up. Recruiters failing to get new staff is freaking them out.",NecromancyBlack
119,2021-11-30 23:59:08+00:00,1465832800502886402,"@laika_cosmonaut @biksyvix @stephlynn1982 @keidekay @PragmatismTK No developed country with Universal Healthcare defeated Covid-19 yet, you are relating two totally unrelated things together to prove your stupid point, what is wrong with you?",liruian
120,2021-11-30 23:59:08+00:00,1465832800418992132,A federal judge has temporarily blocked a mandate issued by President Biden set to take effect next week that would have required all U.S. health care workers to be vaccinated against COVID-19. The judge‚Äôs order temporarily blocks the mandate nationwide. https://t.co/dJQin5dj5I,KFYRTV
121,2021-11-30 23:59:08+00:00,1465832800418938881,A federal judge has temporarily blocked a mandate issued by President Biden set to take effect next week that would have required all U.S. health care workers to be vaccinated against COVID-19. The judge‚Äôs order temporarily blocks the mandate nationwide. https://t.co/N6gKl4XNlX,KMOT_TV
122,2021-11-30 23:59:08+00:00,1465832800368660483,A federal judge has temporarily blocked a mandate issued by President Biden set to take effect next week that would have required all U.S. health care workers to be vaccinated against COVID-19. The judge‚Äôs order temporarily blocks the mandate nationwide. https://t.co/uipf9fbACf,kumv_tv
123,2021-11-30 23:59:07+00:00,1465832799320092676,"NEW: Dallas County Reports a Five-Day Total of 1,107 New Positive 2019 Novel Coronavirus (COVID-19) Cases and 14 Deaths, Including 199 Probable Cases https://t.co/J5OizkX4jk",JudgeClayJ
124,2021-11-30 23:59:06+00:00,1465832792621780993,Efficacy of Pfizer‚Äôs COVID Biologic Estimated at 33 Percent https://t.co/476fyEObVH,AMMancuso1
125,2021-11-30 23:59:06+00:00,1465832792474935299,"@chrismunce Do you think people are making such a big deal about the Covid vaccine because it‚Äôs a shot and someone has to give it to you? I mean people put things in their and their kids bodies all of the time - nutritional supplements, food additives etc without thinking about it.",simonkuo
126,2021-11-30 23:59:06+00:00,1465832792214884357,@dillpickle213 @truthisunbiased @MerriamWebster I reported that idiot's tweet for Covid misinformation. üôÑ,Zombie10k
127,2021-11-30 23:59:05+00:00,1465832789367205888,Biden Tries to Reassure on COVID as He Sells Spending Plan https://t.co/zvYxuKpbtR,nbcchicago
128,2021-11-30 23:59:05+00:00,1465832787932418051,"@MannyeNova @Twolves_PR @Timberwolves Doesn‚Äôt matter how athletic one is, we all have genetically different immune systems. Marco Rossi is a great athlete and nearly died from COVID.",eatemup1427
129,2021-11-30 23:59:05+00:00,1465832787840147460,"@SatoshiSarah Maybe you're against blocking and yeah blocking maybe just invites drama, everything is so chill for me now though, I just have a looong mute list of words like ""vaxx, biden, trump, covid, shitcoiner, libtard, tryanny, commie, jab, fauci"", the typical tribal stuff and I'm like: https://t.co/HUXnaXs1JG",ee30e41c68654df
130,2021-11-30 23:59:05+00:00,1465832787814981638,@ViciousTrading Horseshit.  When will people and the markets wake up to this farce.  Ignore the sensationalization of COVID. Get the vax or not.  Fuck off carry on.,cyrissamson
131,2021-11-30 23:59:05+00:00,1465832787508932611,"$SYY, I have found this name to be an interesting proxy for COVID. https://t.co/LQ9hoBeBMo",pwilsontwit
132,2021-11-30 23:59:04+00:00,1465832786275692546,"@tedperl @Kafwen1 @Virg21Nicholls Tbh you can twist statistics to make them suit your own agenda. Prior to vaccines the survival rate of covid was 99% for most people with no risk of vaccine injuries. If you want to argue the 1% feel free,  you are only trading one minority group for another. no moral win here.",JenPirret
133,2021-11-30 23:59:04+00:00,1465832785948643328,"@blwaller1966 @jimcramer That doesn't seem to be the case...and it really doesn't infect equally. Of those dying from Covid, about 99% are unvaccinated. But I suspect you already know this.

https://t.co/BIErTZMOIK",RUK49713220
134,2021-11-30 23:59:04+00:00,1465832785772355584,"Sports stats are so dumb, they say shit like ""here is Ronnie Smith from Cleveland Ohio, he's averaging 8 field goals per game and both of his grandparents died from covid in march""",3nfolgi
135,2021-11-30 23:59:04+00:00,1465832785751556105,"Womp, womp: Efficacy of Merck‚Äôs Thor-inspired COVID pill crumbles, vexing experts https://t.co/dIzgfMJ9XP",Koetsie
136,2021-11-30 23:59:04+00:00,1465832783910248449,UPDATE: FDA panel backs first-of-a-kind COVID-19 pill from Merck https://t.co/8TpLopLI2D,ajc
137,2021-11-30 23:59:03+00:00,1465832782446350338,"@MrJohns43513791 @JakeAuch @All435Reps Just like thebrest of us have the right to not become sick due to someone's selfishness.

That's the bottom line, selfishness.

I contracted the virus while waiting for my turn for the vaccine... Are you going to pay for my healthcare and medications post-Covid?",MeredithPutvin
138,2021-11-30 23:59:03+00:00,1465832780781146121,@DiveJester @JonathanPieNews Seat belts work masks don‚Äôt. Everyone but the hardest core covid cultists know this.,shawntcuff
139,2021-11-30 23:59:03+00:00,1465832779770380292,"Yep it's Covid. Well, wish me luck friends. üëã",LakeSquid
